[
    {
      "id": "health",
      "name": "Health Insurance",
      "tagline": "Good Health Plan",
      "description": "Covers medical expenses, hospital stays, surgeries, and emergency care.",
      "features": [
        "Cashless hospitalization",
        "Annual health checkups",
        "Emergency coverage"
      ],
      "price": 3150
    },
    {
      "id": "life",
      "name": "Life Insurance",
      "tagline": "Life Protection Plan",
      "description": "Provides financial security to your family in case of unforeseen events.",
      "features": [
        "Life cover",
        "Flexible premium options",
        "Long-term protection"
      ],
      "price": 4500
    },
    {
      "id": "vehicle",
      "name": "Vehicle Insurance",
      "tagline": "Vehicle Safety Plan",
      "description": "Protects your vehicle against accidents, theft, and damages.",
      "features": [
        "Third-party liability",
        "Own damage cover",
        "24/7 roadside assistance"
      ],
      "price": 2800
    }
  ]